language,language_code,project_code,url,direction,project
Abkhazian,ab,wikipedia,ab.wikipedia.org,left-to-right,ab.wikipedia
Achinese,ace,wikipedia,ace.wikipedia.org,left-to-right,ace.wikipedia
Adyghe,ady,wikipedia,ady.wikipedia.org,left-to-right,ady.wikipedia
Afrikaans,af,wikibooks,af.wikibooks.org,left-to-right,af.wikibooks
Afrikaans,af,wikipedia,af.wikipedia.org,left-to-right,af.wikipedia
Afrikaans,af,wikiquote,af.wikiquote.org,left-to-right,af.wikiquote
Afrikaans,af,wiktionary,af.wiktionary.org,left-to-right,af.wiktionary
Akan,ak,wikipedia,ak.wikipedia.org,left-to-right,ak.wikipedia
Alemannisch,als,wikipedia,als.wikipedia.org,left-to-right,als.wikipedia
Amharic,am,wikipedia,am.wikipedia.org,left-to-right,am.wikipedia
Amharic,am,wiktionary,am.wiktionary.org,left-to-right,am.wiktionary
Aragonese,an,wikipedia,an.wikipedia.org,left-to-right,an.wikipedia
Aragonese,an,wiktionary,an.wiktionary.org,left-to-right,an.wiktionary
Old English,ang,wikipedia,ang.wikipedia.org,left-to-right,ang.wikipedia
Old English,ang,wiktionary,ang.wiktionary.org,left-to-right,ang.wiktionary
Arabic,ar,wikibooks,ar.wikibooks.org,right-to-left,ar.wikibooks
Arabic,ar,wikinews,ar.wikinews.org,right-to-left,ar.wikinews
Arabic,ar,wikipedia,ar.wikipedia.org,right-to-left,ar.wikipedia
Arabic,ar,wikiquote,ar.wikiquote.org,right-to-left,ar.wikiquote
Arabic,ar,wikisource,ar.wikisource.org,right-to-left,ar.wikisource
Arabic,ar,wikiversity,ar.wikiversity.org,right-to-left,ar.wikiversity
Arabic,ar,wiktionary,ar.wiktionary.org,right-to-left,ar.wiktionary
Aramaic,arc,wikipedia,arc.wikipedia.org,right-to-left,arc.wikipedia
Egyptian Arabic,arz,wikipedia,arz.wikipedia.org,right-to-left,arz.wikipedia
Assamese,as,wikipedia,as.wikipedia.org,left-to-right,as.wikipedia
Assamese,as,wikisource,as.wikisource.org,left-to-right,as.wikisource
Asturian,ast,wikipedia,ast.wikipedia.org,left-to-right,ast.wikipedia
Asturian,ast,wiktionary,ast.wiktionary.org,left-to-right,ast.wiktionary
Atikamekw,atj,wikipedia,atj.wikipedia.org,left-to-right,atj.wikipedia
Avaric,av,wikipedia,av.wikipedia.org,left-to-right,av.wikipedia
Aymara,ay,wikipedia,ay.wikipedia.org,left-to-right,ay.wikipedia
Aymara,ay,wiktionary,ay.wiktionary.org,left-to-right,ay.wiktionary
Azerbaijani,az,wikibooks,az.wikibooks.org,left-to-right,az.wikibooks
Azerbaijani,az,wikipedia,az.wikipedia.org,left-to-right,az.wikipedia
Azerbaijani,az,wikiquote,az.wikiquote.org,left-to-right,az.wikiquote
Azerbaijani,az,wikisource,az.wikisource.org,left-to-right,az.wikisource
Azerbaijani,az,wiktionary,az.wiktionary.org,left-to-right,az.wiktionary
South Azerbaijani,azb,wikipedia,azb.wikipedia.org,right-to-left,azb.wikipedia
Bashkir,ba,wikibooks,ba.wikibooks.org,left-to-right,ba.wikibooks
Bashkir,ba,wikipedia,ba.wikipedia.org,left-to-right,ba.wikipedia
Balinese,ban,wikipedia,ban.wikipedia.org,left-to-right,ban.wikipedia
Bavarian,bar,wikipedia,bar.wikipedia.org,left-to-right,bar.wikipedia
Samogitian,bat-smg,wikipedia,bat-smg.wikipedia.org,left-to-right,bat-smg.wikipedia
Central Bikol,bcl,wikipedia,bcl.wikipedia.org,left-to-right,bcl.wikipedia
Belarusian,be,wikibooks,be.wikibooks.org,left-to-right,be.wikibooks
Belarusian,be,wikipedia,be.wikipedia.org,left-to-right,be.wikipedia
Belarusian,be,wikiquote,be.wikiquote.org,left-to-right,be.wikiquote
Belarusian,be,wikisource,be.wikisource.org,left-to-right,be.wikisource
Belarusian,be,wiktionary,be.wiktionary.org,left-to-right,be.wiktionary
Belarusian (Taraškievica orthography),be-x-old,wikipedia,be-tarask.wikipedia.org,left-to-right,be-x-old.wikipedia
Bulgarian,bg,wikibooks,bg.wikibooks.org,left-to-right,bg.wikibooks
Bulgarian,bg,wikipedia,bg.wikipedia.org,left-to-right,bg.wikipedia
Bulgarian,bg,wikiquote,bg.wikiquote.org,left-to-right,bg.wikiquote
Bulgarian,bg,wikisource,bg.wikisource.org,left-to-right,bg.wikisource
Bulgarian,bg,wiktionary,bg.wiktionary.org,left-to-right,bg.wiktionary
Bhojpuri,bh,wikipedia,bh.wikipedia.org,left-to-right,bh.wikipedia
Bislama,bi,wikipedia,bi.wikipedia.org,left-to-right,bi.wikipedia
Banjar,bjn,wikipedia,bjn.wikipedia.org,left-to-right,bjn.wikipedia
Bambara,bm,wikipedia,bm.wikipedia.org,left-to-right,bm.wikipedia
Bangla,bn,wikibooks,bn.wikibooks.org,left-to-right,bn.wikibooks
Bangla,bn,wikipedia,bn.wikipedia.org,left-to-right,bn.wikipedia
Bangla,bn,wikisource,bn.wikisource.org,left-to-right,bn.wikisource
Bangla,bn,wikivoyage,bn.wikivoyage.org,left-to-right,bn.wikivoyage
Bangla,bn,wiktionary,bn.wiktionary.org,left-to-right,bn.wiktionary
Tibetan,bo,wikipedia,bo.wikipedia.org,left-to-right,bo.wikipedia
Bishnupriya,bpy,wikipedia,bpy.wikipedia.org,left-to-right,bpy.wikipedia
Breton,br,wikipedia,br.wikipedia.org,left-to-right,br.wikipedia
Breton,br,wikiquote,br.wikiquote.org,left-to-right,br.wikiquote
Breton,br,wikisource,br.wikisource.org,left-to-right,br.wikisource
Breton,br,wiktionary,br.wiktionary.org,left-to-right,br.wiktionary
Bosnian,bs,wikibooks,bs.wikibooks.org,left-to-right,bs.wikibooks
Bosnian,bs,wikinews,bs.wikinews.org,left-to-right,bs.wikinews
Bosnian,bs,wikipedia,bs.wikipedia.org,left-to-right,bs.wikipedia
Bosnian,bs,wikiquote,bs.wikiquote.org,left-to-right,bs.wikiquote
Bosnian,bs,wikisource,bs.wikisource.org,left-to-right,bs.wikisource
Bosnian,bs,wiktionary,bs.wiktionary.org,left-to-right,bs.wiktionary
Buginese,bug,wikipedia,bug.wikipedia.org,left-to-right,bug.wikipedia
Russia Buriat,bxr,wikipedia,bxr.wikipedia.org,left-to-right,bxr.wikipedia
Catalan,ca,wikibooks,ca.wikibooks.org,left-to-right,ca.wikibooks
Catalan,ca,wikinews,ca.wikinews.org,left-to-right,ca.wikinews
Catalan,ca,wikipedia,ca.wikipedia.org,left-to-right,ca.wikipedia
Catalan,ca,wikiquote,ca.wikiquote.org,left-to-right,ca.wikiquote
Catalan,ca,wikisource,ca.wikisource.org,left-to-right,ca.wikisource
Catalan,ca,wiktionary,ca.wiktionary.org,left-to-right,ca.wiktionary
Chavacano,cbk-zam,wikipedia,cbk-zam.wikipedia.org,left-to-right,cbk-zam.wikipedia
Min Dong Chinese,cdo,wikipedia,cdo.wikipedia.org,left-to-right,cdo.wikipedia
Chechen,ce,wikipedia,ce.wikipedia.org,left-to-right,ce.wikipedia
Cebuano,ceb,wikipedia,ceb.wikipedia.org,left-to-right,ceb.wikipedia
Chamorro,ch,wikipedia,ch.wikipedia.org,left-to-right,ch.wikipedia
Cherokee,chr,wikipedia,chr.wikipedia.org,left-to-right,chr.wikipedia
Cherokee,chr,wiktionary,chr.wiktionary.org,left-to-right,chr.wiktionary
Cheyenne,chy,wikipedia,chy.wikipedia.org,left-to-right,chy.wikipedia
Central Kurdish,ckb,wikipedia,ckb.wikipedia.org,right-to-left,ckb.wikipedia
Corsican,co,wikipedia,co.wikipedia.org,left-to-right,co.wikipedia
Corsican,co,wiktionary,co.wiktionary.org,left-to-right,co.wiktionary
Cree,cr,wikipedia,cr.wikipedia.org,left-to-right,cr.wikipedia
Crimean Turkish,crh,wikipedia,crh.wikipedia.org,left-to-right,crh.wikipedia
Czech,cs,wikibooks,cs.wikibooks.org,left-to-right,cs.wikibooks
Czech,cs,wikinews,cs.wikinews.org,left-to-right,cs.wikinews
Czech,cs,wikipedia,cs.wikipedia.org,left-to-right,cs.wikipedia
Czech,cs,wikiquote,cs.wikiquote.org,left-to-right,cs.wikiquote
Czech,cs,wikisource,cs.wikisource.org,left-to-right,cs.wikisource
Czech,cs,wikiversity,cs.wikiversity.org,left-to-right,cs.wikiversity
Czech,cs,wiktionary,cs.wiktionary.org,left-to-right,cs.wiktionary
Kashubian,csb,wikipedia,csb.wikipedia.org,left-to-right,csb.wikipedia
Kashubian,csb,wiktionary,csb.wiktionary.org,left-to-right,csb.wiktionary
Church Slavic,cu,wikipedia,cu.wikipedia.org,left-to-right,cu.wikipedia
Chuvash,cv,wikibooks,cv.wikibooks.org,left-to-right,cv.wikibooks
Chuvash,cv,wikipedia,cv.wikipedia.org,left-to-right,cv.wikipedia
Welsh,cy,wikibooks,cy.wikibooks.org,left-to-right,cy.wikibooks
Welsh,cy,wikipedia,cy.wikipedia.org,left-to-right,cy.wikipedia
Welsh,cy,wikiquote,cy.wikiquote.org,left-to-right,cy.wikiquote
Welsh,cy,wikisource,cy.wikisource.org,left-to-right,cy.wikisource
Welsh,cy,wiktionary,cy.wiktionary.org,left-to-right,cy.wiktionary
Danish,da,wikibooks,da.wikibooks.org,left-to-right,da.wikibooks
Danish,da,wikipedia,da.wikipedia.org,left-to-right,da.wikipedia
Danish,da,wikiquote,da.wikiquote.org,left-to-right,da.wikiquote
Danish,da,wikisource,da.wikisource.org,left-to-right,da.wikisource
Danish,da,wiktionary,da.wiktionary.org,left-to-right,da.wiktionary
German,de,wikibooks,de.wikibooks.org,left-to-right,de.wikibooks
German,de,wikinews,de.wikinews.org,left-to-right,de.wikinews
German,de,wikipedia,de.wikipedia.org,left-to-right,de.wikipedia
German,de,wikiquote,de.wikiquote.org,left-to-right,de.wikiquote
German,de,wikisource,de.wikisource.org,left-to-right,de.wikisource
German,de,wikiversity,de.wikiversity.org,left-to-right,de.wikiversity
German,de,wikivoyage,de.wikivoyage.org,left-to-right,de.wikivoyage
German,de,wiktionary,de.wiktionary.org,left-to-right,de.wiktionary
Dinka,din,wikipedia,din.wikipedia.org,left-to-right,din.wikipedia
Zazaki,diq,wikipedia,diq.wikipedia.org,left-to-right,diq.wikipedia
Lower Sorbian,dsb,wikipedia,dsb.wikipedia.org,left-to-right,dsb.wikipedia
Doteli,dty,wikipedia,dty.wikipedia.org,left-to-right,dty.wikipedia
Divehi,dv,wikipedia,dv.wikipedia.org,right-to-left,dv.wikipedia
Divehi,dv,wiktionary,dv.wiktionary.org,right-to-left,dv.wiktionary
Dzongkha,dz,wikipedia,dz.wikipedia.org,left-to-right,dz.wikipedia
Ewe,ee,wikipedia,ee.wikipedia.org,left-to-right,ee.wikipedia
Greek,el,wikibooks,el.wikibooks.org,left-to-right,el.wikibooks
Greek,el,wikinews,el.wikinews.org,left-to-right,el.wikinews
Greek,el,wikipedia,el.wikipedia.org,left-to-right,el.wikipedia
Greek,el,wikiquote,el.wikiquote.org,left-to-right,el.wikiquote
Greek,el,wikisource,el.wikisource.org,left-to-right,el.wikisource
Greek,el,wikiversity,el.wikiversity.org,left-to-right,el.wikiversity
Greek,el,wikivoyage,el.wikivoyage.org,left-to-right,el.wikivoyage
Greek,el,wiktionary,el.wiktionary.org,left-to-right,el.wiktionary
Emiliano-Romagnolo,eml,wikipedia,eml.wikipedia.org,left-to-right,eml.wikipedia
English,en,wikibooks,en.wikibooks.org,left-to-right,en.wikibooks
English,en,wikinews,en.wikinews.org,left-to-right,en.wikinews
English,en,wikipedia,en.wikipedia.org,left-to-right,en.wikipedia
English,en,wikiquote,en.wikiquote.org,left-to-right,en.wikiquote
English,en,wikisource,en.wikisource.org,left-to-right,en.wikisource
English,en,wikiversity,en.wikiversity.org,left-to-right,en.wikiversity
English,en,wikivoyage,en.wikivoyage.org,left-to-right,en.wikivoyage
English,en,wiktionary,en.wiktionary.org,left-to-right,en.wiktionary
Esperanto,eo,wikibooks,eo.wikibooks.org,left-to-right,eo.wikibooks
Esperanto,eo,wikinews,eo.wikinews.org,left-to-right,eo.wikinews
Esperanto,eo,wikipedia,eo.wikipedia.org,left-to-right,eo.wikipedia
Esperanto,eo,wikiquote,eo.wikiquote.org,left-to-right,eo.wikiquote
Esperanto,eo,wikisource,eo.wikisource.org,left-to-right,eo.wikisource
Esperanto,eo,wiktionary,eo.wiktionary.org,left-to-right,eo.wiktionary
Spanish,es,wikibooks,es.wikibooks.org,left-to-right,es.wikibooks
Spanish,es,wikinews,es.wikinews.org,left-to-right,es.wikinews
Spanish,es,wikipedia,es.wikipedia.org,left-to-right,es.wikipedia
Spanish,es,wikiquote,es.wikiquote.org,left-to-right,es.wikiquote
Spanish,es,wikisource,es.wikisource.org,left-to-right,es.wikisource
Spanish,es,wikiversity,es.wikiversity.org,left-to-right,es.wikiversity
Spanish,es,wikivoyage,es.wikivoyage.org,left-to-right,es.wikivoyage
Spanish,es,wiktionary,es.wiktionary.org,left-to-right,es.wiktionary
Estonian,et,wikibooks,et.wikibooks.org,left-to-right,et.wikibooks
Estonian,et,wikipedia,et.wikipedia.org,left-to-right,et.wikipedia
Estonian,et,wikiquote,et.wikiquote.org,left-to-right,et.wikiquote
Estonian,et,wikisource,et.wikisource.org,left-to-right,et.wikisource
Estonian,et,wiktionary,et.wiktionary.org,left-to-right,et.wiktionary
Basque,eu,wikibooks,eu.wikibooks.org,left-to-right,eu.wikibooks
Basque,eu,wikipedia,eu.wikipedia.org,left-to-right,eu.wikipedia
Basque,eu,wikiquote,eu.wikiquote.org,left-to-right,eu.wikiquote
Basque,eu,wikisource,eu.wikisource.org,left-to-right,eu.wikisource
Basque,eu,wiktionary,eu.wiktionary.org,left-to-right,eu.wiktionary
Extremaduran,ext,wikipedia,ext.wikipedia.org,left-to-right,ext.wikipedia
Persian,fa,wikibooks,fa.wikibooks.org,right-to-left,fa.wikibooks
Persian,fa,wikinews,fa.wikinews.org,right-to-left,fa.wikinews
Persian,fa,wikipedia,fa.wikipedia.org,right-to-left,fa.wikipedia
Persian,fa,wikiquote,fa.wikiquote.org,right-to-left,fa.wikiquote
Persian,fa,wikisource,fa.wikisource.org,right-to-left,fa.wikisource
Persian,fa,wikivoyage,fa.wikivoyage.org,right-to-left,fa.wikivoyage
Persian,fa,wiktionary,fa.wiktionary.org,right-to-left,fa.wiktionary
Fulah,ff,wikipedia,ff.wikipedia.org,left-to-right,ff.wikipedia
Finnish,fi,wikibooks,fi.wikibooks.org,left-to-right,fi.wikibooks
Finnish,fi,wikinews,fi.wikinews.org,left-to-right,fi.wikinews
Finnish,fi,wikipedia,fi.wikipedia.org,left-to-right,fi.wikipedia
Finnish,fi,wikiquote,fi.wikiquote.org,left-to-right,fi.wikiquote
Finnish,fi,wikisource,fi.wikisource.org,left-to-right,fi.wikisource
Finnish,fi,wikiversity,fi.wikiversity.org,left-to-right,fi.wikiversity
Finnish,fi,wikivoyage,fi.wikivoyage.org,left-to-right,fi.wikivoyage
Finnish,fi,wiktionary,fi.wiktionary.org,left-to-right,fi.wiktionary
Võro,fiu-vro,wikipedia,fiu-vro.wikipedia.org,left-to-right,fiu-vro.wikipedia
Fijian,fj,wikipedia,fj.wikipedia.org,left-to-right,fj.wikipedia
Fijian,fj,wiktionary,fj.wiktionary.org,left-to-right,fj.wiktionary
Faroese,fo,wikipedia,fo.wikipedia.org,left-to-right,fo.wikipedia
Faroese,fo,wikisource,fo.wikisource.org,left-to-right,fo.wikisource
Faroese,fo,wiktionary,fo.wiktionary.org,left-to-right,fo.wiktionary
French,fr,wikibooks,fr.wikibooks.org,left-to-right,fr.wikibooks
French,fr,wikinews,fr.wikinews.org,left-to-right,fr.wikinews
French,fr,wikipedia,fr.wikipedia.org,left-to-right,fr.wikipedia
French,fr,wikiquote,fr.wikiquote.org,left-to-right,fr.wikiquote
French,fr,wikisource,fr.wikisource.org,left-to-right,fr.wikisource
French,fr,wikiversity,fr.wikiversity.org,left-to-right,fr.wikiversity
French,fr,wikivoyage,fr.wikivoyage.org,left-to-right,fr.wikivoyage
French,fr,wiktionary,fr.wiktionary.org,left-to-right,fr.wiktionary
Arpitan,frp,wikipedia,frp.wikipedia.org,left-to-right,frp.wikipedia
Northern Frisian,frr,wikipedia,frr.wikipedia.org,left-to-right,frr.wikipedia
Friulian,fur,wikipedia,fur.wikipedia.org,left-to-right,fur.wikipedia
Western Frisian,fy,wikibooks,fy.wikibooks.org,left-to-right,fy.wikibooks
Western Frisian,fy,wikipedia,fy.wikipedia.org,left-to-right,fy.wikipedia
Western Frisian,fy,wiktionary,fy.wiktionary.org,left-to-right,fy.wiktionary
Irish,ga,wikipedia,ga.wikipedia.org,left-to-right,ga.wikipedia
Irish,ga,wiktionary,ga.wiktionary.org,left-to-right,ga.wiktionary
Gagauz,gag,wikipedia,gag.wikipedia.org,left-to-right,gag.wikipedia
Gan Chinese,gan,wikipedia,gan.wikipedia.org,left-to-right,gan.wikipedia
Guianan Creole,gcr,wikipedia,gcr.wikipedia.org,left-to-right,gcr.wikipedia
Scottish Gaelic,gd,wikipedia,gd.wikipedia.org,left-to-right,gd.wikipedia
Scottish Gaelic,gd,wiktionary,gd.wiktionary.org,left-to-right,gd.wiktionary
Galician,gl,wikibooks,gl.wikibooks.org,left-to-right,gl.wikibooks
Galician,gl,wikipedia,gl.wikipedia.org,left-to-right,gl.wikipedia
Galician,gl,wikiquote,gl.wikiquote.org,left-to-right,gl.wikiquote
Galician,gl,wikisource,gl.wikisource.org,left-to-right,gl.wikisource
Galician,gl,wiktionary,gl.wiktionary.org,left-to-right,gl.wiktionary
Gilaki,glk,wikipedia,glk.wikipedia.org,right-to-left,glk.wikipedia
Guarani,gn,wikipedia,gn.wikipedia.org,left-to-right,gn.wikipedia
Guarani,gn,wiktionary,gn.wiktionary.org,left-to-right,gn.wiktionary
Goan Konkani,gom,wikipedia,gom.wikipedia.org,left-to-right,gom.wikipedia
Gorontalo,gor,wikipedia,gor.wikipedia.org,left-to-right,gor.wikipedia
Gothic,got,wikipedia,got.wikipedia.org,left-to-right,got.wikipedia
Gujarati,gu,wikipedia,gu.wikipedia.org,left-to-right,gu.wikipedia
Gujarati,gu,wikiquote,gu.wikiquote.org,left-to-right,gu.wikiquote
Gujarati,gu,wikisource,gu.wikisource.org,left-to-right,gu.wikisource
Gujarati,gu,wiktionary,gu.wiktionary.org,left-to-right,gu.wiktionary
Manx,gv,wikipedia,gv.wikipedia.org,left-to-right,gv.wikipedia
Manx,gv,wiktionary,gv.wiktionary.org,left-to-right,gv.wiktionary
Hausa,ha,wikipedia,ha.wikipedia.org,left-to-right,ha.wikipedia
Hausa,ha,wiktionary,ha.wiktionary.org,left-to-right,ha.wiktionary
Hakka Chinese,hak,wikipedia,hak.wikipedia.org,left-to-right,hak.wikipedia
Hawaiian,haw,wikipedia,haw.wikipedia.org,left-to-right,haw.wikipedia
Hebrew,he,wikibooks,he.wikibooks.org,right-to-left,he.wikibooks
Hebrew,he,wikinews,he.wikinews.org,right-to-left,he.wikinews
Hebrew,he,wikipedia,he.wikipedia.org,right-to-left,he.wikipedia
Hebrew,he,wikiquote,he.wikiquote.org,right-to-left,he.wikiquote
Hebrew,he,wikisource,he.wikisource.org,right-to-left,he.wikisource
Hebrew,he,wikivoyage,he.wikivoyage.org,right-to-left,he.wikivoyage
Hebrew,he,wiktionary,he.wiktionary.org,right-to-left,he.wiktionary
Hindi,hi,wikibooks,hi.wikibooks.org,left-to-right,hi.wikibooks
Hindi,hi,wikipedia,hi.wikipedia.org,left-to-right,hi.wikipedia
Hindi,hi,wikiquote,hi.wikiquote.org,left-to-right,hi.wikiquote
Hindi,hi,wikisource,hi.wikisource.org,left-to-right,hi.wikisource
Hindi,hi,wikiversity,hi.wikiversity.org,left-to-right,hi.wikiversity
Hindi,hi,wikivoyage,hi.wikivoyage.org,left-to-right,hi.wikivoyage
Hindi,hi,wiktionary,hi.wiktionary.org,left-to-right,hi.wiktionary
Fiji Hindi,hif,wikipedia,hif.wikipedia.org,left-to-right,hif.wikipedia
Fiji Hindi,hif,wiktionary,hif.wiktionary.org,left-to-right,hif.wiktionary
Croatian,hr,wikibooks,hr.wikibooks.org,left-to-right,hr.wikibooks
Croatian,hr,wikipedia,hr.wikipedia.org,left-to-right,hr.wikipedia
Croatian,hr,wikiquote,hr.wikiquote.org,left-to-right,hr.wikiquote
Croatian,hr,wikisource,hr.wikisource.org,left-to-right,hr.wikisource
Croatian,hr,wiktionary,hr.wiktionary.org,left-to-right,hr.wiktionary
Upper Sorbian,hsb,wikipedia,hsb.wikipedia.org,left-to-right,hsb.wikipedia
Upper Sorbian,hsb,wiktionary,hsb.wiktionary.org,left-to-right,hsb.wiktionary
Haitian Creole,ht,wikipedia,ht.wikipedia.org,left-to-right,ht.wikipedia
Hungarian,hu,wikibooks,hu.wikibooks.org,left-to-right,hu.wikibooks
Hungarian,hu,wikipedia,hu.wikipedia.org,left-to-right,hu.wikipedia
Hungarian,hu,wikiquote,hu.wikiquote.org,left-to-right,hu.wikiquote
Hungarian,hu,wikisource,hu.wikisource.org,left-to-right,hu.wikisource
Hungarian,hu,wiktionary,hu.wiktionary.org,left-to-right,hu.wiktionary
Armenian,hy,wikibooks,hy.wikibooks.org,left-to-right,hy.wikibooks
Armenian,hy,wikipedia,hy.wikipedia.org,left-to-right,hy.wikipedia
Armenian,hy,wikiquote,hy.wikiquote.org,left-to-right,hy.wikiquote
Armenian,hy,wikisource,hy.wikisource.org,left-to-right,hy.wikisource
Armenian,hy,wiktionary,hy.wiktionary.org,left-to-right,hy.wiktionary
Western Armenian,hyw,wikipedia,hyw.wikipedia.org,left-to-right,hyw.wikipedia
Interlingua,ia,wikibooks,ia.wikibooks.org,left-to-right,ia.wikibooks
Interlingua,ia,wikipedia,ia.wikipedia.org,left-to-right,ia.wikipedia
Interlingua,ia,wiktionary,ia.wiktionary.org,left-to-right,ia.wiktionary
Indonesian,id,wikibooks,id.wikibooks.org,left-to-right,id.wikibooks
Indonesian,id,wikipedia,id.wikipedia.org,left-to-right,id.wikipedia
Indonesian,id,wikiquote,id.wikiquote.org,left-to-right,id.wikiquote
Indonesian,id,wikisource,id.wikisource.org,left-to-right,id.wikisource
Indonesian,id,wiktionary,id.wiktionary.org,left-to-right,id.wiktionary
Interlingue,ie,wikipedia,ie.wikipedia.org,left-to-right,ie.wikipedia
Interlingue,ie,wiktionary,ie.wiktionary.org,left-to-right,ie.wiktionary
Igbo,ig,wikipedia,ig.wikipedia.org,left-to-right,ig.wikipedia
Inupiaq,ik,wikipedia,ik.wikipedia.org,left-to-right,ik.wikipedia
Iloko,ilo,wikipedia,ilo.wikipedia.org,left-to-right,ilo.wikipedia
Ingush,inh,wikipedia,inh.wikipedia.org,left-to-right,inh.wikipedia
Ido,io,wikipedia,io.wikipedia.org,left-to-right,io.wikipedia
Ido,io,wiktionary,io.wiktionary.org,left-to-right,io.wiktionary
Icelandic,is,wikibooks,is.wikibooks.org,left-to-right,is.wikibooks
Icelandic,is,wikipedia,is.wikipedia.org,left-to-right,is.wikipedia
Icelandic,is,wikiquote,is.wikiquote.org,left-to-right,is.wikiquote
Icelandic,is,wikisource,is.wikisource.org,left-to-right,is.wikisource
Icelandic,is,wiktionary,is.wiktionary.org,left-to-right,is.wiktionary
Italian,it,wikibooks,it.wikibooks.org,left-to-right,it.wikibooks
Italian,it,wikinews,it.wikinews.org,left-to-right,it.wikinews
Italian,it,wikipedia,it.wikipedia.org,left-to-right,it.wikipedia
Italian,it,wikiquote,it.wikiquote.org,left-to-right,it.wikiquote
Italian,it,wikisource,it.wikisource.org,left-to-right,it.wikisource
Italian,it,wikiversity,it.wikiversity.org,left-to-right,it.wikiversity
Italian,it,wikivoyage,it.wikivoyage.org,left-to-right,it.wikivoyage
Italian,it,wiktionary,it.wiktionary.org,left-to-right,it.wiktionary
Inuktitut,iu,wikipedia,iu.wikipedia.org,left-to-right,iu.wikipedia
Inuktitut,iu,wiktionary,iu.wiktionary.org,left-to-right,iu.wiktionary
Japanese,ja,wikibooks,ja.wikibooks.org,left-to-right,ja.wikibooks
Japanese,ja,wikinews,ja.wikinews.org,left-to-right,ja.wikinews
Japanese,ja,wikipedia,ja.wikipedia.org,left-to-right,ja.wikipedia
Japanese,ja,wikiquote,ja.wikiquote.org,left-to-right,ja.wikiquote
Japanese,ja,wikisource,ja.wikisource.org,left-to-right,ja.wikisource
Japanese,ja,wikiversity,ja.wikiversity.org,left-to-right,ja.wikiversity
Japanese,ja,wiktionary,ja.wiktionary.org,left-to-right,ja.wiktionary
Jamaican Creole English,jam,wikipedia,jam.wikipedia.org,left-to-right,jam.wikipedia
Lojban,jbo,wikipedia,jbo.wikipedia.org,left-to-right,jbo.wikipedia
Lojban,jbo,wiktionary,jbo.wiktionary.org,left-to-right,jbo.wiktionary
Javanese,jv,wikipedia,jv.wikipedia.org,left-to-right,jv.wikipedia
Javanese,jv,wiktionary,jv.wiktionary.org,left-to-right,jv.wiktionary
Georgian,ka,wikibooks,ka.wikibooks.org,left-to-right,ka.wikibooks
Georgian,ka,wikipedia,ka.wikipedia.org,left-to-right,ka.wikipedia
Georgian,ka,wikiquote,ka.wikiquote.org,left-to-right,ka.wikiquote
Georgian,ka,wiktionary,ka.wiktionary.org,left-to-right,ka.wiktionary
Kara-Kalpak,kaa,wikipedia,kaa.wikipedia.org,left-to-right,kaa.wikipedia
Kabyle,kab,wikipedia,kab.wikipedia.org,left-to-right,kab.wikipedia
Kabardian,kbd,wikipedia,kbd.wikipedia.org,left-to-right,kbd.wikipedia
Kabiye,kbp,wikipedia,kbp.wikipedia.org,left-to-right,kbp.wikipedia
Kongo,kg,wikipedia,kg.wikipedia.org,left-to-right,kg.wikipedia
Kikuyu,ki,wikipedia,ki.wikipedia.org,left-to-right,ki.wikipedia
Kazakh,kk,wikibooks,kk.wikibooks.org,left-to-right,kk.wikibooks
Kazakh,kk,wikipedia,kk.wikipedia.org,left-to-right,kk.wikipedia
Kazakh,kk,wiktionary,kk.wiktionary.org,left-to-right,kk.wiktionary
Kalaallisut,kl,wikipedia,kl.wikipedia.org,left-to-right,kl.wikipedia
Kalaallisut,kl,wiktionary,kl.wiktionary.org,left-to-right,kl.wiktionary
Khmer,km,wikibooks,km.wikibooks.org,left-to-right,km.wikibooks
Khmer,km,wikipedia,km.wikipedia.org,left-to-right,km.wikipedia
Khmer,km,wiktionary,km.wiktionary.org,left-to-right,km.wiktionary
Kannada,kn,wikipedia,kn.wikipedia.org,left-to-right,kn.wikipedia
Kannada,kn,wikiquote,kn.wikiquote.org,left-to-right,kn.wikiquote
Kannada,kn,wikisource,kn.wikisource.org,left-to-right,kn.wikisource
Kannada,kn,wiktionary,kn.wiktionary.org,left-to-right,kn.wiktionary
Korean,ko,wikibooks,ko.wikibooks.org,left-to-right,ko.wikibooks
Korean,ko,wikinews,ko.wikinews.org,left-to-right,ko.wikinews
Korean,ko,wikipedia,ko.wikipedia.org,left-to-right,ko.wikipedia
Korean,ko,wikiquote,ko.wikiquote.org,left-to-right,ko.wikiquote
Korean,ko,wikisource,ko.wikisource.org,left-to-right,ko.wikisource
Korean,ko,wikiversity,ko.wikiversity.org,left-to-right,ko.wikiversity
Korean,ko,wiktionary,ko.wiktionary.org,left-to-right,ko.wiktionary
Komi-Permyak,koi,wikipedia,koi.wikipedia.org,left-to-right,koi.wikipedia
Karachay-Balkar,krc,wikipedia,krc.wikipedia.org,left-to-right,krc.wikipedia
Kashmiri,ks,wikipedia,ks.wikipedia.org,right-to-left,ks.wikipedia
Kashmiri,ks,wiktionary,ks.wiktionary.org,right-to-left,ks.wiktionary
Colognian,ksh,wikipedia,ksh.wikipedia.org,left-to-right,ksh.wikipedia
Kurdish,ku,wikibooks,ku.wikibooks.org,left-to-right,ku.wikibooks
Kurdish,ku,wikipedia,ku.wikipedia.org,left-to-right,ku.wikipedia
Kurdish,ku,wikiquote,ku.wikiquote.org,left-to-right,ku.wikiquote
Kurdish,ku,wiktionary,ku.wiktionary.org,left-to-right,ku.wiktionary
Komi,kv,wikipedia,kv.wikipedia.org,left-to-right,kv.wikipedia
Cornish,kw,wikipedia,kw.wikipedia.org,left-to-right,kw.wikipedia
Cornish,kw,wiktionary,kw.wiktionary.org,left-to-right,kw.wiktionary
Kyrgyz,ky,wikibooks,ky.wikibooks.org,left-to-right,ky.wikibooks
Kyrgyz,ky,wikipedia,ky.wikipedia.org,left-to-right,ky.wikipedia
Kyrgyz,ky,wikiquote,ky.wikiquote.org,left-to-right,ky.wikiquote
Kyrgyz,ky,wiktionary,ky.wiktionary.org,left-to-right,ky.wiktionary
Latin,la,wikibooks,la.wikibooks.org,left-to-right,la.wikibooks
Latin,la,wikipedia,la.wikipedia.org,left-to-right,la.wikipedia
Latin,la,wikiquote,la.wikiquote.org,left-to-right,la.wikiquote
Latin,la,wikisource,la.wikisource.org,left-to-right,la.wikisource
Latin,la,wiktionary,la.wiktionary.org,left-to-right,la.wiktionary
Ladino,lad,wikipedia,lad.wikipedia.org,left-to-right,lad.wikipedia
Luxembourgish,lb,wikipedia,lb.wikipedia.org,left-to-right,lb.wikipedia
Luxembourgish,lb,wiktionary,lb.wiktionary.org,left-to-right,lb.wiktionary
Lak,lbe,wikipedia,lbe.wikipedia.org,left-to-right,lbe.wikipedia
Lezghian,lez,wikipedia,lez.wikipedia.org,left-to-right,lez.wikipedia
Lingua Franca Nova,lfn,wikipedia,lfn.wikipedia.org,left-to-right,lfn.wikipedia
Ganda,lg,wikipedia,lg.wikipedia.org,left-to-right,lg.wikipedia
Limburgish,li,wikibooks,li.wikibooks.org,left-to-right,li.wikibooks
Limburgish,li,wikinews,li.wikinews.org,left-to-right,li.wikinews
Limburgish,li,wikipedia,li.wikipedia.org,left-to-right,li.wikipedia
Limburgish,li,wikiquote,li.wikiquote.org,left-to-right,li.wikiquote
Limburgish,li,wikisource,li.wikisource.org,left-to-right,li.wikisource
Limburgish,li,wiktionary,li.wiktionary.org,left-to-right,li.wiktionary
Ligurian,lij,wikipedia,lij.wikipedia.org,left-to-right,lij.wikipedia
Lombard,lmo,wikipedia,lmo.wikipedia.org,left-to-right,lmo.wikipedia
Lingala,ln,wikipedia,ln.wikipedia.org,left-to-right,ln.wikipedia
Lingala,ln,wiktionary,ln.wiktionary.org,left-to-right,ln.wiktionary
Lao,lo,wikipedia,lo.wikipedia.org,left-to-right,lo.wikipedia
Lao,lo,wiktionary,lo.wiktionary.org,left-to-right,lo.wiktionary
Northern Luri,lrc,wikipedia,lrc.wikipedia.org,right-to-left,lrc.wikipedia
Lithuanian,lt,wikibooks,lt.wikibooks.org,left-to-right,lt.wikibooks
Lithuanian,lt,wikipedia,lt.wikipedia.org,left-to-right,lt.wikipedia
Lithuanian,lt,wikiquote,lt.wikiquote.org,left-to-right,lt.wikiquote
Lithuanian,lt,wikisource,lt.wikisource.org,left-to-right,lt.wikisource
Lithuanian,lt,wiktionary,lt.wiktionary.org,left-to-right,lt.wiktionary
Latgalian,ltg,wikipedia,ltg.wikipedia.org,left-to-right,ltg.wikipedia
Latvian,lv,wikipedia,lv.wikipedia.org,left-to-right,lv.wikipedia
Latvian,lv,wiktionary,lv.wiktionary.org,left-to-right,lv.wiktionary
Maithili,mai,wikipedia,mai.wikipedia.org,left-to-right,mai.wikipedia
Basa Banyumasan,map-bms,wikipedia,map-bms.wikipedia.org,left-to-right,map-bms.wikipedia
Moksha,mdf,wikipedia,mdf.wikipedia.org,left-to-right,mdf.wikipedia
Malagasy,mg,wikibooks,mg.wikibooks.org,left-to-right,mg.wikibooks
Malagasy,mg,wikipedia,mg.wikipedia.org,left-to-right,mg.wikipedia
Malagasy,mg,wiktionary,mg.wiktionary.org,left-to-right,mg.wiktionary
Eastern Mari,mhr,wikipedia,mhr.wikipedia.org,left-to-right,mhr.wikipedia
Maori,mi,wikipedia,mi.wikipedia.org,left-to-right,mi.wikipedia
Maori,mi,wiktionary,mi.wiktionary.org,left-to-right,mi.wiktionary
Minangkabau,min,wikipedia,min.wikipedia.org,left-to-right,min.wikipedia
Minangkabau,min,wiktionary,min.wiktionary.org,left-to-right,min.wiktionary
Macedonian,mk,wikibooks,mk.wikibooks.org,left-to-right,mk.wikibooks
Macedonian,mk,wikipedia,mk.wikipedia.org,left-to-right,mk.wikipedia
Macedonian,mk,wikisource,mk.wikisource.org,left-to-right,mk.wikisource
Macedonian,mk,wiktionary,mk.wiktionary.org,left-to-right,mk.wiktionary
Malayalam,ml,wikibooks,ml.wikibooks.org,left-to-right,ml.wikibooks
Malayalam,ml,wikipedia,ml.wikipedia.org,left-to-right,ml.wikipedia
Malayalam,ml,wikiquote,ml.wikiquote.org,left-to-right,ml.wikiquote
Malayalam,ml,wikisource,ml.wikisource.org,left-to-right,ml.wikisource
Malayalam,ml,wiktionary,ml.wiktionary.org,left-to-right,ml.wiktionary
Mongolian,mn,wikipedia,mn.wikipedia.org,left-to-right,mn.wikipedia
Mongolian,mn,wiktionary,mn.wiktionary.org,left-to-right,mn.wiktionary
Mon,mnw,wikipedia,mnw.wikipedia.org,left-to-right,mnw.wikipedia
Marathi,mr,wikibooks,mr.wikibooks.org,left-to-right,mr.wikibooks
Marathi,mr,wikipedia,mr.wikipedia.org,left-to-right,mr.wikipedia
Marathi,mr,wikiquote,mr.wikiquote.org,left-to-right,mr.wikiquote
Marathi,mr,wikisource,mr.wikisource.org,left-to-right,mr.wikisource
Marathi,mr,wiktionary,mr.wiktionary.org,left-to-right,mr.wiktionary
Western Mari,mrj,wikipedia,mrj.wikipedia.org,left-to-right,mrj.wikipedia
Malay,ms,wikibooks,ms.wikibooks.org,left-to-right,ms.wikibooks
Malay,ms,wikipedia,ms.wikipedia.org,left-to-right,ms.wikipedia
Malay,ms,wiktionary,ms.wiktionary.org,left-to-right,ms.wiktionary
Maltese,mt,wikipedia,mt.wikipedia.org,left-to-right,mt.wikipedia
Maltese,mt,wiktionary,mt.wiktionary.org,left-to-right,mt.wiktionary
Mirandese,mwl,wikipedia,mwl.wikipedia.org,left-to-right,mwl.wikipedia
Burmese,my,wikipedia,my.wikipedia.org,left-to-right,my.wikipedia
Burmese,my,wiktionary,my.wiktionary.org,left-to-right,my.wiktionary
Erzya,myv,wikipedia,myv.wikipedia.org,left-to-right,myv.wikipedia
Mazanderani,mzn,wikipedia,mzn.wikipedia.org,right-to-left,mzn.wikipedia
Nauru,na,wikipedia,na.wikipedia.org,left-to-right,na.wikipedia
Nauru,na,wiktionary,na.wiktionary.org,left-to-right,na.wiktionary
Nāhuatl,nah,wikipedia,nah.wikipedia.org,left-to-right,nah.wikipedia
Nāhuatl,nah,wiktionary,nah.wiktionary.org,left-to-right,nah.wiktionary
Neapolitan,nap,wikipedia,nap.wikipedia.org,left-to-right,nap.wikipedia
Neapolitan,nap,wikisource,nap.wikisource.org,left-to-right,nap.wikisource
Low German,nds,wikipedia,nds.wikipedia.org,left-to-right,nds.wikipedia
Low German,nds,wiktionary,nds.wiktionary.org,left-to-right,nds.wiktionary
Low Saxon,nds-nl,wikipedia,nds-nl.wikipedia.org,left-to-right,nds-nl.wikipedia
Nepali,ne,wikibooks,ne.wikibooks.org,left-to-right,ne.wikibooks
Nepali,ne,wikipedia,ne.wikipedia.org,left-to-right,ne.wikipedia
Nepali,ne,wiktionary,ne.wiktionary.org,left-to-right,ne.wiktionary
Newari,new,wikipedia,new.wikipedia.org,left-to-right,new.wikipedia
Dutch,nl,wikibooks,nl.wikibooks.org,left-to-right,nl.wikibooks
Dutch,nl,wikinews,nl.wikinews.org,left-to-right,nl.wikinews
Dutch,nl,wikipedia,nl.wikipedia.org,left-to-right,nl.wikipedia
Dutch,nl,wikiquote,nl.wikiquote.org,left-to-right,nl.wikiquote
Dutch,nl,wikisource,nl.wikisource.org,left-to-right,nl.wikisource
Dutch,nl,wikivoyage,nl.wikivoyage.org,left-to-right,nl.wikivoyage
Dutch,nl,wiktionary,nl.wiktionary.org,left-to-right,nl.wiktionary
Norwegian Nynorsk,nn,wikipedia,nn.wikipedia.org,left-to-right,nn.wikipedia
Norwegian Nynorsk,nn,wikiquote,nn.wikiquote.org,left-to-right,nn.wikiquote
Norwegian Nynorsk,nn,wiktionary,nn.wiktionary.org,left-to-right,nn.wiktionary
Norwegian,no,wikibooks,no.wikibooks.org,left-to-right,no.wikibooks
Norwegian,no,wikinews,no.wikinews.org,left-to-right,no.wikinews
Norwegian,no,wikipedia,no.wikipedia.org,left-to-right,no.wikipedia
Norwegian,no,wikiquote,no.wikiquote.org,left-to-right,no.wikiquote
Norwegian,no,wikisource,no.wikisource.org,left-to-right,no.wikisource
Norwegian,no,wiktionary,no.wiktionary.org,left-to-right,no.wiktionary
Novial,nov,wikipedia,nov.wikipedia.org,left-to-right,nov.wikipedia
N’Ko,nqo,wikipedia,nqo.wikipedia.org,right-to-left,nqo.wikipedia
Norman,nrm,wikipedia,nrm.wikipedia.org,left-to-right,nrm.wikipedia
Northern Sotho,nso,wikipedia,nso.wikipedia.org,left-to-right,nso.wikipedia
Navajo,nv,wikipedia,nv.wikipedia.org,left-to-right,nv.wikipedia
Nyanja,ny,wikipedia,ny.wikipedia.org,left-to-right,ny.wikipedia
Occitan,oc,wikibooks,oc.wikibooks.org,left-to-right,oc.wikibooks
Occitan,oc,wikipedia,oc.wikipedia.org,left-to-right,oc.wikipedia
Occitan,oc,wiktionary,oc.wiktionary.org,left-to-right,oc.wiktionary
Livvi-Karelian,olo,wikipedia,olo.wikipedia.org,left-to-right,olo.wikipedia
Oromo,om,wikipedia,om.wikipedia.org,left-to-right,om.wikipedia
Oromo,om,wiktionary,om.wiktionary.org,left-to-right,om.wiktionary
Odia,or,wikipedia,or.wikipedia.org,left-to-right,or.wikipedia
Odia,or,wikisource,or.wikisource.org,left-to-right,or.wikisource
Odia,or,wiktionary,or.wiktionary.org,left-to-right,or.wiktionary
Ossetic,os,wikipedia,os.wikipedia.org,left-to-right,os.wikipedia
Punjabi,pa,wikibooks,pa.wikibooks.org,left-to-right,pa.wikibooks
Punjabi,pa,wikipedia,pa.wikipedia.org,left-to-right,pa.wikipedia
Punjabi,pa,wikisource,pa.wikisource.org,left-to-right,pa.wikisource
Punjabi,pa,wiktionary,pa.wiktionary.org,left-to-right,pa.wiktionary
Pangasinan,pag,wikipedia,pag.wikipedia.org,left-to-right,pag.wikipedia
Pampanga,pam,wikipedia,pam.wikipedia.org,left-to-right,pam.wikipedia
Papiamento,pap,wikipedia,pap.wikipedia.org,left-to-right,pap.wikipedia
Picard,pcd,wikipedia,pcd.wikipedia.org,left-to-right,pcd.wikipedia
Pennsylvania German,pdc,wikipedia,pdc.wikipedia.org,left-to-right,pdc.wikipedia
Palatine German,pfl,wikipedia,pfl.wikipedia.org,left-to-right,pfl.wikipedia
Pali,pi,wikipedia,pi.wikipedia.org,left-to-right,pi.wikipedia
Norfuk / Pitkern,pih,wikipedia,pih.wikipedia.org,left-to-right,pih.wikipedia
Polish,pl,wikibooks,pl.wikibooks.org,left-to-right,pl.wikibooks
Polish,pl,wikinews,pl.wikinews.org,left-to-right,pl.wikinews
Polish,pl,wikipedia,pl.wikipedia.org,left-to-right,pl.wikipedia
Polish,pl,wikiquote,pl.wikiquote.org,left-to-right,pl.wikiquote
Polish,pl,wikisource,pl.wikisource.org,left-to-right,pl.wikisource
Polish,pl,wikivoyage,pl.wikivoyage.org,left-to-right,pl.wikivoyage
Polish,pl,wiktionary,pl.wiktionary.org,left-to-right,pl.wiktionary
Piedmontese,pms,wikipedia,pms.wikipedia.org,left-to-right,pms.wikipedia
Piedmontese,pms,wikisource,pms.wikisource.org,left-to-right,pms.wikisource
Western Punjabi,pnb,wikipedia,pnb.wikipedia.org,right-to-left,pnb.wikipedia
Western Punjabi,pnb,wiktionary,pnb.wiktionary.org,right-to-left,pnb.wiktionary
Pontic,pnt,wikipedia,pnt.wikipedia.org,left-to-right,pnt.wikipedia
Pashto,ps,wikipedia,ps.wikipedia.org,right-to-left,ps.wikipedia
Pashto,ps,wikivoyage,ps.wikivoyage.org,right-to-left,ps.wikivoyage
Pashto,ps,wiktionary,ps.wiktionary.org,right-to-left,ps.wiktionary
Portuguese,pt,wikibooks,pt.wikibooks.org,left-to-right,pt.wikibooks
Portuguese,pt,wikinews,pt.wikinews.org,left-to-right,pt.wikinews
Portuguese,pt,wikipedia,pt.wikipedia.org,left-to-right,pt.wikipedia
Portuguese,pt,wikiquote,pt.wikiquote.org,left-to-right,pt.wikiquote
Portuguese,pt,wikisource,pt.wikisource.org,left-to-right,pt.wikisource
Portuguese,pt,wikiversity,pt.wikiversity.org,left-to-right,pt.wikiversity
Portuguese,pt,wikivoyage,pt.wikivoyage.org,left-to-right,pt.wikivoyage
Portuguese,pt,wiktionary,pt.wiktionary.org,left-to-right,pt.wiktionary
Quechua,qu,wikipedia,qu.wikipedia.org,left-to-right,qu.wikipedia
Quechua,qu,wiktionary,qu.wiktionary.org,left-to-right,qu.wiktionary
Romansh,rm,wikipedia,rm.wikipedia.org,left-to-right,rm.wikipedia
Vlax Romani,rmy,wikipedia,rmy.wikipedia.org,left-to-right,rmy.wikipedia
Rundi,rn,wikipedia,rn.wikipedia.org,left-to-right,rn.wikipedia
Romanian,ro,wikibooks,ro.wikibooks.org,left-to-right,ro.wikibooks
Romanian,ro,wikinews,ro.wikinews.org,left-to-right,ro.wikinews
Romanian,ro,wikipedia,ro.wikipedia.org,left-to-right,ro.wikipedia
Romanian,ro,wikiquote,ro.wikiquote.org,left-to-right,ro.wikiquote
Romanian,ro,wikisource,ro.wikisource.org,left-to-right,ro.wikisource
Romanian,ro,wikivoyage,ro.wikivoyage.org,left-to-right,ro.wikivoyage
Romanian,ro,wiktionary,ro.wiktionary.org,left-to-right,ro.wiktionary
Aromanian,roa-rup,wikipedia,roa-rup.wikipedia.org,left-to-right,roa-rup.wikipedia
Aromanian,roa-rup,wiktionary,roa-rup.wiktionary.org,left-to-right,roa-rup.wiktionary
Tarantino,roa-tara,wikipedia,roa-tara.wikipedia.org,left-to-right,roa-tara.wikipedia
Russian,ru,wikibooks,ru.wikibooks.org,left-to-right,ru.wikibooks
Russian,ru,wikinews,ru.wikinews.org,left-to-right,ru.wikinews
Russian,ru,wikipedia,ru.wikipedia.org,left-to-right,ru.wikipedia
Russian,ru,wikiquote,ru.wikiquote.org,left-to-right,ru.wikiquote
Russian,ru,wikisource,ru.wikisource.org,left-to-right,ru.wikisource
Russian,ru,wikiversity,ru.wikiversity.org,left-to-right,ru.wikiversity
Russian,ru,wikivoyage,ru.wikivoyage.org,left-to-right,ru.wikivoyage
Russian,ru,wiktionary,ru.wiktionary.org,left-to-right,ru.wiktionary
Rusyn,rue,wikipedia,rue.wikipedia.org,left-to-right,rue.wikipedia
Kinyarwanda,rw,wikipedia,rw.wikipedia.org,left-to-right,rw.wikipedia
Kinyarwanda,rw,wiktionary,rw.wiktionary.org,left-to-right,rw.wiktionary
Sanskrit,sa,wikibooks,sa.wikibooks.org,left-to-right,sa.wikibooks
Sanskrit,sa,wikipedia,sa.wikipedia.org,left-to-right,sa.wikipedia
Sanskrit,sa,wikiquote,sa.wikiquote.org,left-to-right,sa.wikiquote
Sanskrit,sa,wikisource,sa.wikisource.org,left-to-right,sa.wikisource
Sanskrit,sa,wiktionary,sa.wiktionary.org,left-to-right,sa.wiktionary
Sakha,sah,wikipedia,sah.wikipedia.org,left-to-right,sah.wikipedia
Sakha,sah,wikiquote,sah.wikiquote.org,left-to-right,sah.wikiquote
Sakha,sah,wikisource,sah.wikisource.org,left-to-right,sah.wikisource
Santali,sat,wikipedia,sat.wikipedia.org,left-to-right,sat.wikipedia
Sardinian,sc,wikipedia,sc.wikipedia.org,left-to-right,sc.wikipedia
Sicilian,scn,wikipedia,scn.wikipedia.org,left-to-right,scn.wikipedia
Sicilian,scn,wiktionary,scn.wiktionary.org,left-to-right,scn.wiktionary
Scots,sco,wikipedia,sco.wikipedia.org,left-to-right,sco.wikipedia
Sindhi,sd,wikipedia,sd.wikipedia.org,right-to-left,sd.wikipedia
Sindhi,sd,wiktionary,sd.wiktionary.org,right-to-left,sd.wiktionary
Northern Sami,se,wikipedia,se.wikipedia.org,left-to-right,se.wikipedia
Sango,sg,wikipedia,sg.wikipedia.org,left-to-right,sg.wikipedia
Sango,sg,wiktionary,sg.wiktionary.org,left-to-right,sg.wiktionary
Serbo-Croatian,sh,wikipedia,sh.wikipedia.org,left-to-right,sh.wikipedia
Serbo-Croatian,sh,wiktionary,sh.wiktionary.org,left-to-right,sh.wiktionary
Shan,shn,wikipedia,shn.wikipedia.org,left-to-right,shn.wikipedia
NA,shy,wiktionary,shy.wiktionary.org,left-to-right,shy.wiktionary
Sinhala,si,wikibooks,si.wikibooks.org,left-to-right,si.wikibooks
Sinhala,si,wikipedia,si.wikipedia.org,left-to-right,si.wikipedia
Sinhala,si,wiktionary,si.wiktionary.org,left-to-right,si.wiktionary
Simple English,simple,wikipedia,simple.wikipedia.org,left-to-right,simple.wikipedia
Simple English,simple,wiktionary,simple.wiktionary.org,left-to-right,simple.wiktionary
Slovak,sk,wikibooks,sk.wikibooks.org,left-to-right,sk.wikibooks
Slovak,sk,wikipedia,sk.wikipedia.org,left-to-right,sk.wikipedia
Slovak,sk,wikiquote,sk.wikiquote.org,left-to-right,sk.wikiquote
Slovak,sk,wikisource,sk.wikisource.org,left-to-right,sk.wikisource
Slovak,sk,wiktionary,sk.wiktionary.org,left-to-right,sk.wiktionary
Slovenian,sl,wikibooks,sl.wikibooks.org,left-to-right,sl.wikibooks
Slovenian,sl,wikipedia,sl.wikipedia.org,left-to-right,sl.wikipedia
Slovenian,sl,wikiquote,sl.wikiquote.org,left-to-right,sl.wikiquote
Slovenian,sl,wikisource,sl.wikisource.org,left-to-right,sl.wikisource
Slovenian,sl,wikiversity,sl.wikiversity.org,left-to-right,sl.wikiversity
Slovenian,sl,wiktionary,sl.wiktionary.org,left-to-right,sl.wiktionary
Samoan,sm,wikipedia,sm.wikipedia.org,left-to-right,sm.wikipedia
Samoan,sm,wiktionary,sm.wiktionary.org,left-to-right,sm.wiktionary
Shona,sn,wikipedia,sn.wikipedia.org,left-to-right,sn.wikipedia
Somali,so,wikipedia,so.wikipedia.org,left-to-right,so.wikipedia
Somali,so,wiktionary,so.wiktionary.org,left-to-right,so.wiktionary
Albanian,sq,wikibooks,sq.wikibooks.org,left-to-right,sq.wikibooks
Albanian,sq,wikinews,sq.wikinews.org,left-to-right,sq.wikinews
Albanian,sq,wikipedia,sq.wikipedia.org,left-to-right,sq.wikipedia
Albanian,sq,wikiquote,sq.wikiquote.org,left-to-right,sq.wikiquote
Albanian,sq,wiktionary,sq.wiktionary.org,left-to-right,sq.wiktionary
Serbian,sr,wikibooks,sr.wikibooks.org,left-to-right,sr.wikibooks
Serbian,sr,wikinews,sr.wikinews.org,left-to-right,sr.wikinews
Serbian,sr,wikipedia,sr.wikipedia.org,left-to-right,sr.wikipedia
Serbian,sr,wikiquote,sr.wikiquote.org,left-to-right,sr.wikiquote
Serbian,sr,wikisource,sr.wikisource.org,left-to-right,sr.wikisource
Serbian,sr,wiktionary,sr.wiktionary.org,left-to-right,sr.wiktionary
Sranan Tongo,srn,wikipedia,srn.wikipedia.org,left-to-right,srn.wikipedia
Swati,ss,wikipedia,ss.wikipedia.org,left-to-right,ss.wikipedia
Swati,ss,wiktionary,ss.wiktionary.org,left-to-right,ss.wiktionary
Southern Sotho,st,wikipedia,st.wikipedia.org,left-to-right,st.wikipedia
Southern Sotho,st,wiktionary,st.wiktionary.org,left-to-right,st.wiktionary
Saterland Frisian,stq,wikipedia,stq.wikipedia.org,left-to-right,stq.wikipedia
Sundanese,su,wikipedia,su.wikipedia.org,left-to-right,su.wikipedia
Sundanese,su,wikiquote,su.wikiquote.org,left-to-right,su.wikiquote
Sundanese,su,wiktionary,su.wiktionary.org,left-to-right,su.wiktionary
Swedish,sv,wikibooks,sv.wikibooks.org,left-to-right,sv.wikibooks
Swedish,sv,wikinews,sv.wikinews.org,left-to-right,sv.wikinews
Swedish,sv,wikipedia,sv.wikipedia.org,left-to-right,sv.wikipedia
Swedish,sv,wikiquote,sv.wikiquote.org,left-to-right,sv.wikiquote
Swedish,sv,wikisource,sv.wikisource.org,left-to-right,sv.wikisource
Swedish,sv,wikiversity,sv.wikiversity.org,left-to-right,sv.wikiversity
Swedish,sv,wikivoyage,sv.wikivoyage.org,left-to-right,sv.wikivoyage
Swedish,sv,wiktionary,sv.wiktionary.org,left-to-right,sv.wiktionary
Swahili,sw,wikipedia,sw.wikipedia.org,left-to-right,sw.wikipedia
Swahili,sw,wiktionary,sw.wiktionary.org,left-to-right,sw.wiktionary
Silesian,szl,wikipedia,szl.wikipedia.org,left-to-right,szl.wikipedia
Sakizaya,szy,wikipedia,szy.wikipedia.org,left-to-right,szy.wikipedia
Tamil,ta,wikibooks,ta.wikibooks.org,left-to-right,ta.wikibooks
Tamil,ta,wikinews,ta.wikinews.org,left-to-right,ta.wikinews
Tamil,ta,wikipedia,ta.wikipedia.org,left-to-right,ta.wikipedia
Tamil,ta,wikiquote,ta.wikiquote.org,left-to-right,ta.wikiquote
Tamil,ta,wikisource,ta.wikisource.org,left-to-right,ta.wikisource
Tamil,ta,wiktionary,ta.wiktionary.org,left-to-right,ta.wiktionary
Tulu,tcy,wikipedia,tcy.wikipedia.org,left-to-right,tcy.wikipedia
Telugu,te,wikibooks,te.wikibooks.org,left-to-right,te.wikibooks
Telugu,te,wikipedia,te.wikipedia.org,left-to-right,te.wikipedia
Telugu,te,wikiquote,te.wikiquote.org,left-to-right,te.wikiquote
Telugu,te,wikisource,te.wikisource.org,left-to-right,te.wikisource
Telugu,te,wiktionary,te.wiktionary.org,left-to-right,te.wiktionary
Tetum,tet,wikipedia,tet.wikipedia.org,left-to-right,tet.wikipedia
Tajik,tg,wikibooks,tg.wikibooks.org,left-to-right,tg.wikibooks
Tajik,tg,wikipedia,tg.wikipedia.org,left-to-right,tg.wikipedia
Tajik,tg,wiktionary,tg.wiktionary.org,left-to-right,tg.wiktionary
Thai,th,wikibooks,th.wikibooks.org,left-to-right,th.wikibooks
Thai,th,wikipedia,th.wikipedia.org,left-to-right,th.wikipedia
Thai,th,wikiquote,th.wikiquote.org,left-to-right,th.wikiquote
Thai,th,wikisource,th.wikisource.org,left-to-right,th.wikisource
Thai,th,wiktionary,th.wiktionary.org,left-to-right,th.wiktionary
Tigrinya,ti,wikipedia,ti.wikipedia.org,left-to-right,ti.wikipedia
Tigrinya,ti,wiktionary,ti.wiktionary.org,left-to-right,ti.wiktionary
Turkmen,tk,wikipedia,tk.wikipedia.org,left-to-right,tk.wikipedia
Turkmen,tk,wiktionary,tk.wiktionary.org,left-to-right,tk.wiktionary
Tagalog,tl,wikibooks,tl.wikibooks.org,left-to-right,tl.wikibooks
Tagalog,tl,wikipedia,tl.wikipedia.org,left-to-right,tl.wikipedia
Tagalog,tl,wiktionary,tl.wiktionary.org,left-to-right,tl.wiktionary
Tswana,tn,wikipedia,tn.wikipedia.org,left-to-right,tn.wikipedia
Tswana,tn,wiktionary,tn.wiktionary.org,left-to-right,tn.wiktionary
Tongan,to,wikipedia,to.wikipedia.org,left-to-right,to.wikipedia
Tok Pisin,tpi,wikipedia,tpi.wikipedia.org,left-to-right,tpi.wikipedia
Tok Pisin,tpi,wiktionary,tpi.wiktionary.org,left-to-right,tpi.wiktionary
Turkish,tr,wikibooks,tr.wikibooks.org,left-to-right,tr.wikibooks
Turkish,tr,wikinews,tr.wikinews.org,left-to-right,tr.wikinews
Turkish,tr,wikipedia,tr.wikipedia.org,left-to-right,tr.wikipedia
Turkish,tr,wikiquote,tr.wikiquote.org,left-to-right,tr.wikiquote
Turkish,tr,wikisource,tr.wikisource.org,left-to-right,tr.wikisource
Turkish,tr,wiktionary,tr.wiktionary.org,left-to-right,tr.wiktionary
Tsonga,ts,wikipedia,ts.wikipedia.org,left-to-right,ts.wikipedia
Tsonga,ts,wiktionary,ts.wiktionary.org,left-to-right,ts.wiktionary
Tatar,tt,wikibooks,tt.wikibooks.org,left-to-right,tt.wikibooks
Tatar,tt,wikipedia,tt.wikipedia.org,left-to-right,tt.wikipedia
Tatar,tt,wiktionary,tt.wiktionary.org,left-to-right,tt.wiktionary
Tumbuka,tum,wikipedia,tum.wikipedia.org,left-to-right,tum.wikipedia
Twi,tw,wikipedia,tw.wikipedia.org,left-to-right,tw.wikipedia
Tahitian,ty,wikipedia,ty.wikipedia.org,left-to-right,ty.wikipedia
Tuvinian,tyv,wikipedia,tyv.wikipedia.org,left-to-right,tyv.wikipedia
Udmurt,udm,wikipedia,udm.wikipedia.org,left-to-right,udm.wikipedia
Uyghur,ug,wikipedia,ug.wikipedia.org,right-to-left,ug.wikipedia
Uyghur,ug,wiktionary,ug.wiktionary.org,right-to-left,ug.wiktionary
Ukrainian,uk,wikibooks,uk.wikibooks.org,left-to-right,uk.wikibooks
Ukrainian,uk,wikinews,uk.wikinews.org,left-to-right,uk.wikinews
Ukrainian,uk,wikipedia,uk.wikipedia.org,left-to-right,uk.wikipedia
Ukrainian,uk,wikiquote,uk.wikiquote.org,left-to-right,uk.wikiquote
Ukrainian,uk,wikisource,uk.wikisource.org,left-to-right,uk.wikisource
Ukrainian,uk,wikivoyage,uk.wikivoyage.org,left-to-right,uk.wikivoyage
Ukrainian,uk,wiktionary,uk.wiktionary.org,left-to-right,uk.wiktionary
Urdu,ur,wikibooks,ur.wikibooks.org,right-to-left,ur.wikibooks
Urdu,ur,wikipedia,ur.wikipedia.org,right-to-left,ur.wikipedia
Urdu,ur,wikiquote,ur.wikiquote.org,right-to-left,ur.wikiquote
Urdu,ur,wiktionary,ur.wiktionary.org,right-to-left,ur.wiktionary
Uzbek,uz,wikipedia,uz.wikipedia.org,left-to-right,uz.wikipedia
Uzbek,uz,wikiquote,uz.wikiquote.org,left-to-right,uz.wikiquote
Uzbek,uz,wiktionary,uz.wiktionary.org,left-to-right,uz.wiktionary
Venda,ve,wikipedia,ve.wikipedia.org,left-to-right,ve.wikipedia
Venetian,vec,wikipedia,vec.wikipedia.org,left-to-right,vec.wikipedia
Venetian,vec,wikisource,vec.wikisource.org,left-to-right,vec.wikisource
Venetian,vec,wiktionary,vec.wiktionary.org,left-to-right,vec.wiktionary
Veps,vep,wikipedia,vep.wikipedia.org,left-to-right,vep.wikipedia
Vietnamese,vi,wikibooks,vi.wikibooks.org,left-to-right,vi.wikibooks
Vietnamese,vi,wikipedia,vi.wikipedia.org,left-to-right,vi.wikipedia
Vietnamese,vi,wikiquote,vi.wikiquote.org,left-to-right,vi.wikiquote
Vietnamese,vi,wikisource,vi.wikisource.org,left-to-right,vi.wikisource
Vietnamese,vi,wikivoyage,vi.wikivoyage.org,left-to-right,vi.wikivoyage
Vietnamese,vi,wiktionary,vi.wiktionary.org,left-to-right,vi.wiktionary
West Flemish,vls,wikipedia,vls.wikipedia.org,left-to-right,vls.wikipedia
Volapük,vo,wikipedia,vo.wikipedia.org,left-to-right,vo.wikipedia
Volapük,vo,wiktionary,vo.wiktionary.org,left-to-right,vo.wiktionary
Walloon,wa,wikipedia,wa.wikipedia.org,left-to-right,wa.wikipedia
Walloon,wa,wiktionary,wa.wiktionary.org,left-to-right,wa.wiktionary
Waray,war,wikipedia,war.wikipedia.org,left-to-right,war.wikipedia
Wolof,wo,wikipedia,wo.wikipedia.org,left-to-right,wo.wikipedia
Wolof,wo,wikiquote,wo.wikiquote.org,left-to-right,wo.wikiquote
Wolof,wo,wiktionary,wo.wiktionary.org,left-to-right,wo.wiktionary
Wu Chinese,wuu,wikipedia,wuu.wikipedia.org,left-to-right,wuu.wikipedia
Kalmyk,xal,wikipedia,xal.wikipedia.org,left-to-right,xal.wikipedia
Xhosa,xh,wikipedia,xh.wikipedia.org,left-to-right,xh.wikipedia
Mingrelian,xmf,wikipedia,xmf.wikipedia.org,left-to-right,xmf.wikipedia
Yiddish,yi,wikipedia,yi.wikipedia.org,right-to-left,yi.wikipedia
Yiddish,yi,wikisource,yi.wikisource.org,right-to-left,yi.wikisource
Yiddish,yi,wiktionary,yi.wiktionary.org,right-to-left,yi.wiktionary
Yoruba,yo,wikipedia,yo.wikipedia.org,left-to-right,yo.wikipedia
Cantonese,yue,wiktionary,yue.wiktionary.org,left-to-right,yue.wiktionary
Zhuang,za,wikipedia,za.wikipedia.org,left-to-right,za.wikipedia
Zeelandic,zea,wikipedia,zea.wikipedia.org,left-to-right,zea.wikipedia
Chinese,zh,wikibooks,zh.wikibooks.org,left-to-right,zh.wikibooks
Chinese,zh,wikinews,zh.wikinews.org,left-to-right,zh.wikinews
Chinese,zh,wikipedia,zh.wikipedia.org,left-to-right,zh.wikipedia
Chinese,zh,wikiquote,zh.wikiquote.org,left-to-right,zh.wikiquote
Chinese,zh,wikisource,zh.wikisource.org,left-to-right,zh.wikisource
Chinese,zh,wikiversity,zh.wikiversity.org,left-to-right,zh.wikiversity
Chinese,zh,wikivoyage,zh.wikivoyage.org,left-to-right,zh.wikivoyage
Chinese,zh,wiktionary,zh.wiktionary.org,left-to-right,zh.wiktionary
Classical Chinese,zh-classical,wikipedia,zh-classical.wikipedia.org,left-to-right,zh-classical.wikipedia
Chinese (Min Nan),zh-min-nan,wikipedia,zh-min-nan.wikipedia.org,left-to-right,zh-min-nan.wikipedia
Chinese (Min Nan),zh-min-nan,wikisource,zh-min-nan.wikisource.org,left-to-right,zh-min-nan.wikisource
Chinese (Min Nan),zh-min-nan,wiktionary,zh-min-nan.wiktionary.org,left-to-right,zh-min-nan.wiktionary
Cantonese,zh-yue,wikipedia,zh-yue.wikipedia.org,left-to-right,zh-yue.wikipedia
Zulu,zu,wikipedia,zu.wikipedia.org,left-to-right,zu.wikipedia
Zulu,zu,wiktionary,zu.wiktionary.org,left-to-right,zu.wiktionary
